arm,arm_label,seed,class_id,class_name,support,precision,class_wise_accuracy_recall,f1,source_result_sha256
last_epoch,Last epoch (primary),1,0,Benign,174421,0.9931460550516404,0.7244196513034554,0.8377606937910871,09da989cec1e9b361316b25f0b80bac6198f6dc141100b8f58b65836706e9968
last_epoch,Last epoch (primary),1,1,DoS GoldenEye,2059,0.6360789226432821,0.986401165614376,0.7734196496572735,09da989cec1e9b361316b25f0b80bac6198f6dc141100b8f58b65836706e9968
last_epoch,Last epoch (primary),1,2,DoS Hulk,46215,0.7036505190311418,0.8800389483933788,0.7820218237754171,09da989cec1e9b361316b25f0b80bac6198f6dc141100b8f58b65836706e9968
last_epoch,Last epoch (primary),1,3,DoS Slowhttptest,1100,0.30691506157246606,0.8836363636363637,0.4555894070775721,09da989cec1e9b361316b25f0b80bac6198f6dc141100b8f58b65836706e9968
last_epoch,Last epoch (primary),1,4,DoS slowloris,1159,0.9246031746031746,0.6031061259706644,0.7300261096605745,09da989cec1e9b361316b25f0b80bac6198f6dc141100b8f58b65836706e9968
last_epoch,Last epoch (primary),1,5,FTP-Patator,1588,0.06625688851208139,0.9842569269521411,0.12415600921439353,09da989cec1e9b361316b25f0b80bac6198f6dc141100b8f58b65836706e9968
last_epoch,Last epoch (primary),1,6,Heartbleed,2,0.1,1.0,0.18181818181818182,09da989cec1e9b361316b25f0b80bac6198f6dc141100b8f58b65836706e9968
last_epoch,Last epoch (primary),1,7,SSH-Patator,1179,0.06114777378665107,0.6208651399491094,0.11133079847908746,09da989cec1e9b361316b25f0b80bac6198f6dc141100b8f58b65836706e9968
last_epoch,Last epoch (primary),2,0,Benign,174421,0.9838836429720405,0.9187712488748487,0.9502133122244655,bd3401f5fb1447c3175449fff55e010167875831e15613a6f54213e47ce9da89
last_epoch,Last epoch (primary),2,1,DoS GoldenEye,2059,0.9021104625056129,0.9757163671685284,0.9374708352776482,bd3401f5fb1447c3175449fff55e010167875831e15613a6f54213e47ce9da89
last_epoch,Last epoch (primary),2,2,DoS Hulk,46215,0.8197529506634411,0.9678459374661906,0.8876650889570249,bd3401f5fb1447c3175449fff55e010167875831e15613a6f54213e47ce9da89
last_epoch,Last epoch (primary),2,3,DoS Slowhttptest,1100,0.534446764091858,0.6981818181818182,0.6054394954670871,bd3401f5fb1447c3175449fff55e010167875831e15613a6f54213e47ce9da89
last_epoch,Last epoch (primary),2,4,DoS slowloris,1159,0.25477326968973746,0.3684210526315789,0.30123456790123454,bd3401f5fb1447c3175449fff55e010167875831e15613a6f54213e47ce9da89
last_epoch,Last epoch (primary),2,5,FTP-Patator,1588,0.51657824933687,0.9811083123425692,0.6768027801911382,bd3401f5fb1447c3175449fff55e010167875831e15613a6f54213e47ce9da89
last_epoch,Last epoch (primary),2,6,Heartbleed,2,0.0,0.0,0.0,bd3401f5fb1447c3175449fff55e010167875831e15613a6f54213e47ce9da89
last_epoch,Last epoch (primary),2,7,SSH-Patator,1179,0.31977047470005215,0.5199321458863444,0.39599483204134367,bd3401f5fb1447c3175449fff55e010167875831e15613a6f54213e47ce9da89
last_epoch,Last epoch (primary),3,0,Benign,174421,0.9122169962206926,0.8828925416090952,0.897315250484362,aec48231acc83839906eaac5750759b385328b7c70ba7af5a916d4b2fd005743
last_epoch,Last epoch (primary),3,1,DoS GoldenEye,2059,0.8615451388888888,0.9640602234094221,0.9099243639697456,aec48231acc83839906eaac5750759b385328b7c70ba7af5a916d4b2fd005743
last_epoch,Last epoch (primary),3,2,DoS Hulk,46215,0.7140384399235697,0.6873093151574164,0.7004189636163176,aec48231acc83839906eaac5750759b385328b7c70ba7af5a916d4b2fd005743
last_epoch,Last epoch (primary),3,3,DoS Slowhttptest,1100,0.36793587174348696,0.8345454545454546,0.5107093184979137,aec48231acc83839906eaac5750759b385328b7c70ba7af5a916d4b2fd005743
last_epoch,Last epoch (primary),3,4,DoS slowloris,1159,0.40316901408450706,0.7903364969801553,0.5339551151267852,aec48231acc83839906eaac5750759b385328b7c70ba7af5a916d4b2fd005743
last_epoch,Last epoch (primary),3,5,FTP-Patator,1588,0.5945736434108527,0.48299748110831237,0.5330090340514246,aec48231acc83839906eaac5750759b385328b7c70ba7af5a916d4b2fd005743
last_epoch,Last epoch (primary),3,6,Heartbleed,2,0.16666666666666666,1.0,0.2857142857142857,aec48231acc83839906eaac5750759b385328b7c70ba7af5a916d4b2fd005743
last_epoch,Last epoch (primary),3,7,SSH-Patator,1179,0.19253016030408196,0.9881255301102629,0.32226832641770403,aec48231acc83839906eaac5750759b385328b7c70ba7af5a916d4b2fd005743
last_epoch,Last epoch (primary),4,0,Benign,174421,0.9010472024255715,0.923472517644091,0.9121220443792595,8e73e1a42c73d9fbf026a0d4264d754ced3927667b126bef71cd1993a4922d24
last_epoch,Last epoch (primary),4,1,DoS GoldenEye,2059,0.9064876957494408,0.9839728023312287,0.943642291569632,8e73e1a42c73d9fbf026a0d4264d754ced3927667b126bef71cd1993a4922d24
last_epoch,Last epoch (primary),4,2,DoS Hulk,46215,0.9487618504074321,0.6474737639294601,0.769683874784577,8e73e1a42c73d9fbf026a0d4264d754ced3927667b126bef71cd1993a4922d24
last_epoch,Last epoch (primary),4,3,DoS Slowhttptest,1100,0.8398835516739447,0.5245454545454545,0.6457750419697819,8e73e1a42c73d9fbf026a0d4264d754ced3927667b126bef71cd1993a4922d24
last_epoch,Last epoch (primary),4,4,DoS slowloris,1159,0.23545032086744855,0.9180327868852459,0.37477985206058473,8e73e1a42c73d9fbf026a0d4264d754ced3927667b126bef71cd1993a4922d24
last_epoch,Last epoch (primary),4,5,FTP-Patator,1588,0.029850746268656716,0.0012594458438287153,0.0024169184290030207,8e73e1a42c73d9fbf026a0d4264d754ced3927667b126bef71cd1993a4922d24
last_epoch,Last epoch (primary),4,6,Heartbleed,2,0.0,0.0,0.0,8e73e1a42c73d9fbf026a0d4264d754ced3927667b126bef71cd1993a4922d24
last_epoch,Last epoch (primary),4,7,SSH-Patator,1179,0.11801492838410328,0.9923664122137404,0.21094383845668438,8e73e1a42c73d9fbf026a0d4264d754ced3927667b126bef71cd1993a4922d24
last_epoch,Last epoch (primary),42,0,Benign,174421,0.9871441573545027,0.8954311694119401,0.939053683144088,2c3efd316910bc38d5ed2d244457997bef27e60640f0449d8d1fb59ae83cd25f
last_epoch,Last epoch (primary),42,1,DoS GoldenEye,2059,0.9140271493212669,0.9810587663914522,0.9463574607636448,2c3efd316910bc38d5ed2d244457997bef27e60640f0449d8d1fb59ae83cd25f
last_epoch,Last epoch (primary),42,2,DoS Hulk,46215,0.9148552790639327,0.8679000324569944,0.890759288458549,2c3efd316910bc38d5ed2d244457997bef27e60640f0449d8d1fb59ae83cd25f
last_epoch,Last epoch (primary),42,3,DoS Slowhttptest,1100,0.376425855513308,0.81,0.5139890395154312,2c3efd316910bc38d5ed2d244457997bef27e60640f0449d8d1fb59ae83cd25f
last_epoch,Last epoch (primary),42,4,DoS slowloris,1159,0.34293394777265745,0.7704918032786885,0.47462131278235453,2c3efd316910bc38d5ed2d244457997bef27e60640f0449d8d1fb59ae83cd25f
last_epoch,Last epoch (primary),42,5,FTP-Patator,1588,0.11490840634277026,0.9993702770780857,0.2061172803428794,2c3efd316910bc38d5ed2d244457997bef27e60640f0449d8d1fb59ae83cd25f
last_epoch,Last epoch (primary),42,6,Heartbleed,2,0.002026342451874367,1.0,0.00404448938321537,2c3efd316910bc38d5ed2d244457997bef27e60640f0449d8d1fb59ae83cd25f
last_epoch,Last epoch (primary),42,7,SSH-Patator,1179,0.3175033921302578,0.9923664122137404,0.48108552631578944,2c3efd316910bc38d5ed2d244457997bef27e60640f0449d8d1fb59ae83cd25f
training_only_calibration,Training-only calibration,1,0,Benign,174421,0.987460815047022,0.8108828638753361,0.8905028144006649,7f27b3302e659aded0ae0cdedddbf2b81061dd6f2aaf727f84a48a27bbc80e1b
training_only_calibration,Training-only calibration,1,1,DoS GoldenEye,2059,0.9479768786127167,0.8761534725594949,0.9106511862695609,7f27b3302e659aded0ae0cdedddbf2b81061dd6f2aaf727f84a48a27bbc80e1b
training_only_calibration,Training-only calibration,1,2,DoS Hulk,46215,0.8022512452445386,0.885210429514227,0.8416916129164995,7f27b3302e659aded0ae0cdedddbf2b81061dd6f2aaf727f84a48a27bbc80e1b
training_only_calibration,Training-only calibration,1,3,DoS Slowhttptest,1100,0.2736655853730463,0.8436363636363636,0.413270986417279,7f27b3302e659aded0ae0cdedddbf2b81061dd6f2aaf727f84a48a27bbc80e1b
training_only_calibration,Training-only calibration,1,4,DoS slowloris,1159,0.707631318136769,0.6160483175150993,0.6586715867158671,7f27b3302e659aded0ae0cdedddbf2b81061dd6f2aaf727f84a48a27bbc80e1b
training_only_calibration,Training-only calibration,1,5,FTP-Patator,1588,0.16703921967079863,0.517632241813602,0.252573359963128,7f27b3302e659aded0ae0cdedddbf2b81061dd6f2aaf727f84a48a27bbc80e1b
training_only_calibration,Training-only calibration,1,6,Heartbleed,2,0.09090909090909091,1.0,0.16666666666666669,7f27b3302e659aded0ae0cdedddbf2b81061dd6f2aaf727f84a48a27bbc80e1b
training_only_calibration,Training-only calibration,1,7,SSH-Patator,1179,0.03294085924860687,0.6217133163698049,0.06256668516068456,7f27b3302e659aded0ae0cdedddbf2b81061dd6f2aaf727f84a48a27bbc80e1b
training_only_calibration,Training-only calibration,2,0,Benign,174421,0.9836179453569077,0.9335745122433652,0.9579431005271085,2eaf007d786c7813f4f86026452486e2e4310f818a571011dce57a2368cf1694
training_only_calibration,Training-only calibration,2,1,DoS GoldenEye,2059,0.8950644730991552,0.9776590577950461,0.934540389972145,2eaf007d786c7813f4f86026452486e2e4310f818a571011dce57a2368cf1694
training_only_calibration,Training-only calibration,2,2,DoS Hulk,46215,0.8402338223248195,0.9766093259764146,0.9033032792626914,2eaf007d786c7813f4f86026452486e2e4310f818a571011dce57a2368cf1694
training_only_calibration,Training-only calibration,2,3,DoS Slowhttptest,1100,0.5210312075983717,0.6981818181818182,0.5967365967365968,2eaf007d786c7813f4f86026452486e2e4310f818a571011dce57a2368cf1694
training_only_calibration,Training-only calibration,2,4,DoS slowloris,1159,0.3669590643274854,0.6496980155306299,0.46901276860791036,2eaf007d786c7813f4f86026452486e2e4310f818a571011dce57a2368cf1694
training_only_calibration,Training-only calibration,2,5,FTP-Patator,1588,0.6274509803921569,0.947103274559194,0.7548306148055207,2eaf007d786c7813f4f86026452486e2e4310f818a571011dce57a2368cf1694
training_only_calibration,Training-only calibration,2,6,Heartbleed,2,0.0,0.0,0.0,2eaf007d786c7813f4f86026452486e2e4310f818a571011dce57a2368cf1694
training_only_calibration,Training-only calibration,2,7,SSH-Patator,1179,0.23487544483985764,0.05597964376590331,0.0904109589041096,2eaf007d786c7813f4f86026452486e2e4310f818a571011dce57a2368cf1694
training_only_calibration,Training-only calibration,3,0,Benign,174421,0.9060280606629361,0.8967039519323935,0.9013418931729709,fde2d51be3dc73324229473a8108ba63348fa8544107e9378f81300a521bb366
training_only_calibration,Training-only calibration,3,1,DoS GoldenEye,2059,0.8758109360518999,0.917921321029626,0.8963718283139672,fde2d51be3dc73324229473a8108ba63348fa8544107e9378f81300a521bb366
training_only_calibration,Training-only calibration,3,2,DoS Hulk,46215,0.9679703846772896,0.6506545493887266,0.7782091097308489,fde2d51be3dc73324229473a8108ba63348fa8544107e9378f81300a521bb366
training_only_calibration,Training-only calibration,3,3,DoS Slowhttptest,1100,0.37136929460580914,0.8136363636363636,0.50997150997151,fde2d51be3dc73324229473a8108ba63348fa8544107e9378f81300a521bb366
training_only_calibration,Training-only calibration,3,4,DoS slowloris,1159,0.3318872017353579,0.7920621225194133,0.4677707006369427,fde2d51be3dc73324229473a8108ba63348fa8544107e9378f81300a521bb366
training_only_calibration,Training-only calibration,3,5,FTP-Patator,1588,0.40626579080343606,0.5062972292191436,0.45079899074852814,fde2d51be3dc73324229473a8108ba63348fa8544107e9378f81300a521bb366
training_only_calibration,Training-only calibration,3,6,Heartbleed,2,0.11764705882352941,1.0,0.21052631578947367,fde2d51be3dc73324229473a8108ba63348fa8544107e9378f81300a521bb366
training_only_calibration,Training-only calibration,3,7,SSH-Patator,1179,0.07937695551625629,0.989821882951654,0.1469680750582457,fde2d51be3dc73324229473a8108ba63348fa8544107e9378f81300a521bb366
training_only_calibration,Training-only calibration,4,0,Benign,174421,0.8890706449431831,0.9348186284908354,0.9113708962961514,1689750592f95bffcabbba986b4cb6eb88103891e47e49a9b97b34d83504cdc7
training_only_calibration,Training-only calibration,4,1,DoS GoldenEye,2059,0.8965059708093763,0.9844584749878582,0.938425925925926,1689750592f95bffcabbba986b4cb6eb88103891e47e49a9b97b34d83504cdc7
training_only_calibration,Training-only calibration,4,2,DoS Hulk,46215,0.9551785083068222,0.5847019366006708,0.7253741359640293,1689750592f95bffcabbba986b4cb6eb88103891e47e49a9b97b34d83504cdc7
training_only_calibration,Training-only calibration,4,3,DoS Slowhttptest,1100,0.4838538909475913,0.8309090909090909,0.6115757778521245,1689750592f95bffcabbba986b4cb6eb88103891e47e49a9b97b34d83504cdc7
training_only_calibration,Training-only calibration,4,4,DoS slowloris,1159,0.23477070499657768,0.8878343399482312,0.37134608444604833,1689750592f95bffcabbba986b4cb6eb88103891e47e49a9b97b34d83504cdc7
training_only_calibration,Training-only calibration,4,5,FTP-Patator,1588,0.38962826984855436,0.5346347607052897,0.4507565702150252,1689750592f95bffcabbba986b4cb6eb88103891e47e49a9b97b34d83504cdc7
training_only_calibration,Training-only calibration,4,6,Heartbleed,2,0.0,0.0,0.0,1689750592f95bffcabbba986b4cb6eb88103891e47e49a9b97b34d83504cdc7
training_only_calibration,Training-only calibration,4,7,SSH-Patator,1179,0.17502347417840375,0.7905004240882103,0.28659286592865924,1689750592f95bffcabbba986b4cb6eb88103891e47e49a9b97b34d83504cdc7
training_only_calibration,Training-only calibration,42,0,Benign,174421,0.9861485427765591,0.9020702782348455,0.9422374996631444,0ea6ab8252d69d109f25cb37f4d93606f5c2f7b61d2b1e71460e5b3f6c49a17e
training_only_calibration,Training-only calibration,42,1,DoS GoldenEye,2059,0.9124716553287981,0.9771733851384167,0.9437148217636022,0ea6ab8252d69d109f25cb37f4d93606f5c2f7b61d2b1e71460e5b3f6c49a17e
training_only_calibration,Training-only calibration,42,2,DoS Hulk,46215,0.8258582089552239,0.9578275451693173,0.8869608776236036,0ea6ab8252d69d109f25cb37f4d93606f5c2f7b61d2b1e71460e5b3f6c49a17e
training_only_calibration,Training-only calibration,42,3,DoS Slowhttptest,1100,0.43026706231454004,0.7909090909090909,0.5573350416399744,0ea6ab8252d69d109f25cb37f4d93606f5c2f7b61d2b1e71460e5b3f6c49a17e
training_only_calibration,Training-only calibration,42,4,DoS slowloris,1159,0.383585313174946,0.7661777394305436,0.5112262521588946,0ea6ab8252d69d109f25cb37f4d93606f5c2f7b61d2b1e71460e5b3f6c49a17e
training_only_calibration,Training-only calibration,42,5,FTP-Patator,1588,0.5015832805573147,0.9974811083123426,0.6675094816687737,0ea6ab8252d69d109f25cb37f4d93606f5c2f7b61d2b1e71460e5b3f6c49a17e
training_only_calibration,Training-only calibration,42,6,Heartbleed,2,0.0019801980198019802,1.0,0.003952569169960474,0ea6ab8252d69d109f25cb37f4d93606f5c2f7b61d2b1e71460e5b3f6c49a17e
training_only_calibration,Training-only calibration,42,7,SSH-Patator,1179,0.3028734144447321,0.9923664122137404,0.46410154700515666,0ea6ab8252d69d109f25cb37f4d93606f5c2f7b61d2b1e71460e5b3f6c49a17e
